-- Get existing patient and profile data first
-- Create comprehensive sample data for existing patients

-- Insert Episodes for existing patients
INSERT INTO public.episodes (patient_id, episode_number, start_date, end_date, status, primary_nurse_id, coordinator_id) VALUES
('02cd41c5-2120-41a6-862f-97004164dba5', 'EP-2025-001', '2025-01-15', '2025-03-15', 'active', (SELECT id FROM public.profiles WHERE role = 'nurse' LIMIT 1), (SELECT id FROM public.profiles WHERE role = 'clinical_coordinator' LIMIT 1)),
('8309d3e1-f064-42d4-8b2e-50ce1054f16a', 'EP-2025-002', '2025-01-20', '2025-03-20', 'active', (SELECT id FROM public.profiles WHERE role = 'nurse' LIMIT 1), (SELECT id FROM public.profiles WHERE role = 'clinical_coordinator' LIMIT 1)),
('3712e0c0-0ea1-41d8-87fd-39bcaf748799', 'EP-2025-003', '2025-01-25', '2025-03-25', 'active', (SELECT id FROM public.profiles WHERE role = 'nurse' LIMIT 1), (SELECT id FROM public.profiles WHERE role = 'clinical_coordinator' LIMIT 1)),
('a6ac52d2-3fe0-4d64-b6cf-2b4148e4de24', 'EP-2025-004', '2025-02-01', '2025-04-01', 'active', (SELECT id FROM public.profiles WHERE role = 'nurse' LIMIT 1), (SELECT id FROM public.profiles WHERE role = 'clinical_coordinator' LIMIT 1)),
('c795e79f-a6fa-4bef-8ffd-d096633dca1a', 'EP-2025-005', '2025-02-05', '2025-04-05', 'active', (SELECT id FROM public.profiles WHERE role = 'nurse' LIMIT 1), (SELECT id FROM public.profiles WHERE role = 'clinical_coordinator' LIMIT 1));

-- Insert Assessments with comprehensive ADL scores
INSERT INTO public.assessments (
  patient_id, episode_id, assessment_type, assessment_date, discipline, assessor_id,
  bathing_score, dressing_upper_score, dressing_lower_score, grooming_score, eating_score,
  toileting_score, transferring_score, ambulation_score, medication_mgmt_score, notes
) VALUES
-- Jessica Rivera assessments
('02cd41c5-2120-41a6-862f-97004164dba5', (SELECT id FROM public.episodes WHERE patient_id = '02cd41c5-2120-41a6-862f-97004164dba5' LIMIT 1), 'Initial Assessment', '2025-01-16', 'nursing', (SELECT id FROM public.profiles WHERE discipline = 'nursing' LIMIT 1), 3, 4, 3, 4, 5, 3, 2, 2, 3, 'Patient shows significant mobility limitations due to stroke. Requires assistance with bathing and transfers.'),
('02cd41c5-2120-41a6-862f-97004164dba5', (SELECT id FROM public.episodes WHERE patient_id = '02cd41c5-2120-41a6-862f-97004164dba5' LIMIT 1), 'Weekly Assessment', '2025-02-01', 'physical_therapy', (SELECT id FROM public.profiles WHERE discipline = 'physical_therapy' LIMIT 1), 4, 4, 4, 4, 5, 4, 3, 3, 3, 'Showing improvement in mobility and strength. Continuing PT exercises.'),
('02cd41c5-2120-41a6-862f-97004164dba5', (SELECT id FROM public.episodes WHERE patient_id = '02cd41c5-2120-41a6-862f-97004164dba5' LIMIT 1), 'Progress Assessment', '2025-02-15', 'occupational_therapy', (SELECT id FROM public.profiles WHERE discipline = 'occupational_therapy' LIMIT 1), 4, 5, 4, 5, 5, 4, 3, 3, 4, 'Patient demonstrating good progress with ADLs. Wound care showing signs of healing.'),

-- Kenneth Moore assessments
('8309d3e1-f064-42d4-8b2e-50ce1054f16a', (SELECT id FROM public.episodes WHERE patient_id = '8309d3e1-f064-42d4-8b2e-50ce1054f16a' LIMIT 1), 'Initial Assessment', '2025-01-21', 'nursing', (SELECT id FROM public.profiles WHERE discipline = 'nursing' LIMIT 1), 2, 3, 2, 3, 4, 2, 2, 1, 2, 'Patient with depression and Parkinson\'s requires significant assistance with daily activities.'),
('8309d3e1-f064-42d4-8b2e-50ce1054f16a', (SELECT id FROM public.episodes WHERE patient_id = '8309d3e1-f064-42d4-8b2e-50ce1054f16a' LIMIT 1), 'Mental Health Assessment', '2025-02-05', 'social_work', (SELECT id FROM public.profiles WHERE discipline = 'social_work' LIMIT 1), 2, 3, 2, 3, 3, 2, 2, 1, 2, 'Mood appears stable with current medication regimen. Family support system is strong.'),

-- Carol Taylor assessments
('3712e0c0-0ea1-41d8-87fd-39bcaf748799', (SELECT id FROM public.episodes WHERE patient_id = '3712e0c0-0ea1-41d8-87fd-39bcaf748799' LIMIT 1), 'Initial Assessment', '2025-01-26', 'nursing', (SELECT id FROM public.profiles WHERE discipline = 'nursing' LIMIT 1), 3, 3, 3, 3, 4, 2, 2, 1, 2, 'Parkinson\'s symptoms affecting mobility and fine motor skills. Tremor management ongoing.'),
('3712e0c0-0ea1-41d8-87fd-39bcaf748799', (SELECT id FROM public.episodes WHERE patient_id = '3712e0c0-0ea1-41d8-87fd-39bcaf748799' LIMIT 1), 'PT Assessment', '2025-02-10', 'physical_therapy', (SELECT id FROM public.profiles WHERE discipline = 'physical_therapy' LIMIT 1), 3, 4, 3, 3, 4, 3, 3, 2, 3, 'Working on balance and gait training. Patient responding well to exercises.'),

-- Donald Rivera assessments
('a6ac52d2-3fe0-4d64-b6cf-2b4148e4de24', (SELECT id FROM public.episodes WHERE patient_id = 'a6ac52d2-3fe0-4d64-b6cf-2b4148e4de24' LIMIT 1), 'Initial Assessment', '2025-02-02', 'nursing', (SELECT id FROM public.profiles WHERE discipline = 'nursing' LIMIT 1), 3, 4, 3, 4, 5, 3, 2, 2, 3, 'Young stroke patient with good potential for recovery. Motivated and engaged in therapy.'),
('a6ac52d2-3fe0-4d64-b6cf-2b4148e4de24', (SELECT id FROM public.episodes WHERE patient_id = 'a6ac52d2-3fe0-4d64-b6cf-2b4148e4de24' LIMIT 1), 'Speech Assessment', '2025-02-15', 'speech_therapy', (SELECT id FROM public.profiles WHERE discipline = 'speech_therapy' LIMIT 1), 4, 4, 4, 4, 4, 4, 3, 3, 4, 'Minimal speech impairment. Swallowing function within normal limits.'),

-- Helen Gonzalez assessments
('c795e79f-a6fa-4bef-8ffd-d096633dca1a', (SELECT id FROM public.episodes WHERE patient_id = 'c795e79f-a6fa-4bef-8ffd-d096633dca1a' LIMIT 1), 'Initial Assessment', '2025-02-06', 'nursing', (SELECT id FROM public.profiles WHERE discipline = 'nursing' LIMIT 1), 3, 3, 3, 3, 4, 3, 2, 2, 2, 'Stroke with chronic wound requiring specialized care. Family very supportive.'),
('c795e79f-a6fa-4bef-8ffd-d096633dca1a', (SELECT id FROM public.episodes WHERE patient_id = 'c795e79f-a6fa-4bef-8ffd-d096633dca1a' LIMIT 1), 'Wound Care Assessment', '2025-02-20', 'nursing', (SELECT id FROM public.profiles WHERE discipline = 'nursing' LIMIT 1), 4, 4, 4, 4, 4, 4, 3, 3, 3, 'Wound showing signs of improvement with current treatment protocol.');

-- Insert Source Documents
INSERT INTO public.source_documents (patient_id, episode_id, title, content, document_type, author_id, metadata) VALUES
('02cd41c5-2120-41a6-862f-97004164dba5', (SELECT id FROM public.episodes WHERE patient_id = '02cd41c5-2120-41a6-862f-97004164dba5' LIMIT 1), 'Hospital Discharge Summary', 'Patient admitted with acute stroke. CT scan showed left middle cerebral artery infarct. Patient underwent thrombolytic therapy with good response. Discharge with residual right-sided weakness.', 'medical_record', (SELECT id FROM public.profiles WHERE role = 'nurse' LIMIT 1), '{"source": "General Hospital", "date": "2025-01-14"}'),
('02cd41c5-2120-41a6-862f-97004164dba5', (SELECT id FROM public.episodes WHERE patient_id = '02cd41c5-2120-41a6-862f-97004164dba5' LIMIT 1), 'PT Initial Evaluation', 'Patient presents with right hemiparesis. Strength 3/5 in right upper and lower extremity. Balance impaired, requires assistance for transfers. Recommended intensive PT 3x weekly.', 'assessment_note', (SELECT id FROM public.profiles WHERE discipline = 'physical_therapy' LIMIT 1), '{"therapist": "Sarah Johnson, PT", "date": "2025-01-17"}'),
('8309d3e1-f064-42d4-8b2e-50ce1054f16a', (SELECT id FROM public.episodes WHERE patient_id = '8309d3e1-f064-42d4-8b2e-50ce1054f16a' LIMIT 1), 'Psychiatric Evaluation', 'Patient with history of major depressive disorder, currently stable on medication. Parkinson\'s symptoms well-controlled with current regimen. Continue current medications.', 'medical_record', (SELECT id FROM public.profiles WHERE discipline = 'social_work' LIMIT 1), '{"psychiatrist": "Dr. Michael Chen", "date": "2025-01-19"}'),
('3712e0c0-0ea1-41d8-87fd-39bcaf748799', (SELECT id FROM public.episodes WHERE patient_id = '3712e0c0-0ea1-41d8-87fd-39bcaf748799' LIMIT 1), 'Neurology Consult', 'Parkinson\'s disease stage 2. Tremor predominantly affecting left hand. Gait slightly affected. Recommend continuing current medication with possible adjustment.', 'medical_record', (SELECT id FROM public.profiles WHERE role = 'nurse' LIMIT 1), '{"neurologist": "Dr. Lisa Wang", "date": "2025-01-24"}');

-- Insert Data Source Links connecting assessments to source documents
INSERT INTO public.data_source_links (data_table, data_id, source_document_id, extracted_snippet, confidence_score) VALUES
('assessments', (SELECT id FROM public.assessments WHERE patient_id = '02cd41c5-2120-41a6-862f-97004164dba5' AND assessment_type = 'Initial Assessment' LIMIT 1), (SELECT id FROM public.source_documents WHERE title = 'Hospital Discharge Summary' LIMIT 1), 'Patient underwent thrombolytic therapy with good response. Discharge with residual right-sided weakness.', 0.95),
('assessments', (SELECT id FROM public.assessments WHERE patient_id = '02cd41c5-2120-41a6-862f-97004164dba5' AND assessment_type = 'Weekly Assessment' LIMIT 1), (SELECT id FROM public.source_documents WHERE title = 'PT Initial Evaluation' LIMIT 1), 'Strength 3/5 in right upper and lower extremity. Balance impaired, requires assistance for transfers.', 0.90),
('assessments', (SELECT id FROM public.assessments WHERE patient_id = '8309d3e1-f064-42d4-8b2e-50ce1054f16a' AND assessment_type = 'Mental Health Assessment' LIMIT 1), (SELECT id FROM public.source_documents WHERE title = 'Psychiatric Evaluation' LIMIT 1), 'Patient with history of major depressive disorder, currently stable on medication.', 0.92),
('assessments', (SELECT id FROM public.assessments WHERE patient_id = '3712e0c0-0ea1-41d8-87fd-39bcaf748799' AND assessment_type = 'PT Assessment' LIMIT 1), (SELECT id FROM public.source_documents WHERE title = 'Neurology Consult' LIMIT 1), 'Tremor predominantly affecting left hand. Gait slightly affected.', 0.88);

-- Insert Clinician Notes
INSERT INTO public.clinician_notes (patient_id, episode_id, title, content, discipline, priority, tags, author_id) VALUES
('02cd41c5-2120-41a6-862f-97004164dba5', (SELECT id FROM public.episodes WHERE patient_id = '02cd41c5-2120-41a6-862f-97004164dba5' LIMIT 1), 'Initial Nursing Assessment', 'Patient admitted to home health services following stroke. Right-sided weakness present. Patient and family educated on safety measures and transfer techniques. Will monitor for signs of depression or anxiety.', 'nursing', 'high', '{"stroke", "mobility", "safety", "education"}', (SELECT id FROM public.profiles WHERE discipline = 'nursing' LIMIT 1)),
('02cd41c5-2120-41a6-862f-97004164dba5', (SELECT id FROM public.episodes WHERE patient_id = '02cd41c5-2120-41a6-862f-97004164dba5' LIMIT 1), 'Wound Care Progress', 'Chronic wound on right heel showing improvement with current dressing protocol. Size decreased from 3cm to 2.1cm. No signs of infection. Continue current treatment plan.', 'nursing', 'medium', '{"wound_care", "healing", "progress"}', (SELECT id FROM public.profiles WHERE discipline = 'nursing' LIMIT 1)),
('02cd41c5-2120-41a6-862f-97004164dba5', (SELECT id FROM public.episodes WHERE patient_id = '02cd41c5-2120-41a6-862f-97004164dba5' LIMIT 1), 'Physical Therapy Progress', 'Patient demonstrating good progress with strengthening exercises. Able to perform bed mobility with minimal assistance. Working on sitting balance and transfer training. Family actively participating in learning transfer techniques.', 'physical_therapy', 'normal', '{"progress", "mobility", "transfers", "family_training"}', (SELECT id FROM public.profiles WHERE discipline = 'physical_therapy' LIMIT 1)),

('8309d3e1-f064-42d4-8b2e-50ce1054f16a', (SELECT id FROM public.episodes WHERE patient_id = '8309d3e1-f064-42d4-8b2e-50ce1054f16a' LIMIT 1), 'Depression Monitoring', 'Patient reports improved mood since starting home health services. Spouse notes increased engagement in daily activities. PHQ-9 score improved from 12 to 8. Continue monitoring and support.', 'social_work', 'high', '{"depression", "mood", "improvement", "spouse_support"}', (SELECT id FROM public.profiles WHERE discipline = 'social_work' LIMIT 1)),
('8309d3e1-f064-42d4-8b2e-50ce1054f16a', (SELECT id FROM public.episodes WHERE patient_id = '8309d3e1-f064-42d4-8b2e-50ce1054f16a' LIMIT 1), 'Medication Management', 'Patient demonstrates good understanding of medication regimen. Pill organizer system working well. No adverse effects reported. Tremor well-controlled with current Parkinson\'s medications.', 'nursing', 'normal', '{"medications", "compliance", "tremor", "parkinson"}', (SELECT id FROM public.profiles WHERE discipline = 'nursing' LIMIT 1)),

('3712e0c0-0ea1-41d8-87fd-39bcaf748799', (SELECT id FROM public.episodes WHERE patient_id = '3712e0c0-0ea1-41d8-87fd-39bcaf748799' LIMIT 1), 'Parkinson\'s Management', 'Patient managing Parkinson\'s symptoms well with current medication timing. Family educated on importance of medication schedule. Recommend occupational therapy evaluation for home safety.', 'nursing', 'medium', '{"parkinson", "medications", "timing", "safety"}', (SELECT id FROM public.profiles WHERE discipline = 'nursing' LIMIT 1)),
('3712e0c0-0ea1-41d8-87fd-39bcaf748799', (SELECT id FROM public.episodes WHERE patient_id = '3712e0c0-0ea1-41d8-87fd-39bcaf748799' LIMIT 1), 'Gait Training Progress', 'Patient showing improvement in gait stability. Able to walk 50 feet with walker. Balance exercises progressing well. Recommend continuation of current PT plan with focus on endurance.', 'physical_therapy', 'normal', '{"gait", "balance", "walker", "endurance"}', (SELECT id FROM public.profiles WHERE discipline = 'physical_therapy' LIMIT 1));

-- Insert Interventions
INSERT INTO public.interventions (patient_id, episode_id, intervention_type, description, priority, status, scheduled_date, assigned_to_id, notes) VALUES
('02cd41c5-2120-41a6-862f-97004164dba5', (SELECT id FROM public.episodes WHERE patient_id = '02cd41c5-2120-41a6-862f-97004164dba5' LIMIT 1), 'Physical Therapy', 'Strengthening exercises for right side, transfer training, gait training with assistive device', 'high', 'in_progress', '2025-02-25', (SELECT id FROM public.profiles WHERE discipline = 'physical_therapy' LIMIT 1), 'Patient responding well to treatment plan'),
('02cd41c5-2120-41a6-862f-97004164dba5', (SELECT id FROM public.episodes WHERE patient_id = '02cd41c5-2120-41a6-862f-97004164dba5' LIMIT 1), 'Wound Care', 'Daily wound assessment and dressing changes for chronic heel wound', 'high', 'in_progress', '2025-02-22', (SELECT id FROM public.profiles WHERE discipline = 'nursing' LIMIT 1), 'Wound showing signs of improvement'),
('02cd41c5-2120-41a6-862f-97004164dba5', (SELECT id FROM public.episodes WHERE patient_id = '02cd41c5-2120-41a6-862f-97004164dba5' LIMIT 1), 'Safety Education', 'Home safety assessment and family education on fall prevention', 'medium', 'completed', '2025-02-01', (SELECT id FROM public.profiles WHERE discipline = 'occupational_therapy' LIMIT 1), 'Family educated on safety measures and equipment needs'),

('8309d3e1-f064-42d4-8b2e-50ce1054f16a', (SELECT id FROM public.episodes WHERE patient_id = '8309d3e1-f064-42d4-8b2e-50ce1054f16a' LIMIT 1), 'Mental Health Support', 'Depression screening and counseling support', 'high', 'in_progress', '2025-02-28', (SELECT id FROM public.profiles WHERE discipline = 'social_work' LIMIT 1), 'Patient showing improvement in mood and engagement'),
('8309d3e1-f064-42d4-8b2e-50ce1054f16a', (SELECT id FROM public.episodes WHERE patient_id = '8309d3e1-f064-42d4-8b2e-50ce1054f16a' LIMIT 1), 'Medication Management', 'Education on Parkinson\'s medication timing and effects', 'medium', 'completed', '2025-02-10', (SELECT id FROM public.profiles WHERE discipline = 'nursing' LIMIT 1), 'Patient and spouse understand medication schedule'),

('3712e0c0-0ea1-41d8-87fd-39bcaf748799', (SELECT id FROM public.episodes WHERE patient_id = '3712e0c0-0ea1-41d8-87fd-39bcaf748799' LIMIT 1), 'Balance Training', 'Balance and gait training to prevent falls', 'high', 'in_progress', '2025-03-01', (SELECT id FROM public.profiles WHERE discipline = 'physical_therapy' LIMIT 1), 'Steady improvement in balance and confidence'),
('3712e0c0-0ea1-41d8-87fd-39bcaf748799', (SELECT id FROM public.episodes WHERE patient_id = '3712e0c0-0ea1-41d8-87fd-39bcaf748799' LIMIT 1), 'Home Safety Assessment', 'Occupational therapy evaluation for home modifications', 'medium', 'pending', '2025-02-26', (SELECT id FROM public.profiles WHERE discipline = 'occupational_therapy' LIMIT 1), 'Scheduled for next week');

-- Insert Alerts
INSERT INTO public.alerts (patient_id, episode_id, alert_type, title, message, severity, acknowledged_by_id) VALUES
('02cd41c5-2120-41a6-862f-97004164dba5', (SELECT id FROM public.episodes WHERE patient_id = '02cd41c5-2120-41a6-862f-97004164dba5' LIMIT 1), 'assessment_due', 'Weekly Assessment Due', 'Weekly nursing assessment is due for Jessica Rivera', 'medium', NULL),
('02cd41c5-2120-41a6-862f-97004164dba5', (SELECT id FROM public.episodes WHERE patient_id = '02cd41c5-2120-41a6-862f-97004164dba5' LIMIT 1), 'wound_care', 'Wound Care Attention', 'Chronic wound requires daily monitoring and assessment', 'high', NULL),
('8309d3e1-f064-42d4-8b2e-50ce1054f16a', (SELECT id FROM public.episodes WHERE patient_id = '8309d3e1-f064-42d4-8b2e-50ce1054f16a' LIMIT 1), 'mental_health', 'Depression Monitoring', 'Continue monitoring for signs of depression - patient at risk', 'high', NULL),
('3712e0c0-0ea1-41d8-87fd-39bcaf748799', (SELECT id FROM public.episodes WHERE patient_id = '3712e0c0-0ea1-41d8-87fd-39bcaf748799' LIMIT 1), 'fall_risk', 'Fall Risk Alert', 'Patient at high risk for falls due to Parkinson\'s and mobility issues', 'high', NULL),
('a6ac52d2-3fe0-4d64-b6cf-2b4148e4de24', (SELECT id FROM public.episodes WHERE patient_id = 'a6ac52d2-3fe0-4d64-b6cf-2b4148e4de24' LIMIT 1), 'young_patient', 'Young Stroke Patient', 'Young stroke patient - monitor for complications and ensure aggressive rehabilitation', 'medium', NULL);